angelalesmesjb|Jenny Angela Bernal Lesmes|angelalesmesjb@hotmail.com|NO
AnaMariaMojicaArango|Ana Maria Mojica Arango|N/A|YES
MarioGetial_8528|Mario Getial|N/A|NO
carolina12_god|Carolina Moreno Marulanda|carolina12_god@yahoo.es|NO
sandra|sandra Milena|samigapri@gmail.com|YES
RodrigoRapoport|Rodrigo Rapoport|N/A|NO
StefaNia|Stefa Nia|N/A|YES
Carola|Carola Jordan|maria.anguelus@gmail.com|YES
HeilerLampreaConsejoSuperiorUpn|Heiler Lamprea Consejo Superior Upn|N/A|YES
Bwtukiilnm|Bwtukiilnm|exte.nd.h.lua@gmail.com|NO
MilagrosBetancourt|Milagros Betancourt|N/A|NO
DeivyASaldaña|Deivy A Saldaña|N/A|NO
yenye16|Yenny Castañeda|yenye16@hotmail.es|YES
johannasequera|Johanna|johannasequera@hotmail.com|NO
diana050585|Diana Carolina Octavia|diana050585@gmail.com|NO
IsmaeldelaCera|Ismael de la Cera|N/A|NO
Francisco|Francisco|frlaor@hotmail.com|NO
eliana.s.gonzalez|Eliana González|eliana.s.gonzalez@hotmail.com|YES
Helena|Helena Bustos|bustos.hel@gmail.com|YES
AngélicaMaría|Angélica María|anmayito@gmail.com|NO
daniellabuenaventura|Daniella Buenaventura|daniellabuenaventura@gmail.com|NO
OlgaAhumadaBonino|Olga Ahumada Bonino|N/A|NO
arnulfolinero|arnulfo linero|arnulfolinero@hotmail.com|NO
MaríaAriza|María Ariza|N/A|NO
Beatriz|betty|alvarez.beatrizliliana@gmail.com|NO
LuisCarvajal|Luis Carvajal|N/A|YES
griseldace3|Cecilia|griseldace3@gmail.com|NO
ValeriaVerona|Valeria Verona|N/A|NO
gladysvm20062|Gladys  Vargas|gladysvm20062@gmail.com|NO
SoniaMolaro|Sonia Molaro|N/A|NO
claudetta00|clau|claudetta00@yahoo.com.ar|NO
anfersavi|FERNANDO SAMANIEGO VILLA|edgarfernandosamaniego@gmail.com|NO
geogon|GLADYS GONZALEZ|geogon@hotmail.com|NO
fernyontiveros|FERNANDA|fernyontiveros@hotmail.com|NO
maria_jose367|Maria Jose|maria_jose367@hotmail.com|YES
ElianaKlotschan|Eliana Klotschan|N/A|NO
noraabran|nora beatriz abran|noraabran@hotmail.com|NO
KarinaLeonik|Karina Leonik|N/A|NO
LiliSel|Lili Sel|N/A|NO
JorgeRodrigoVargasGuerrero|Jorge Rodrigo Vargas Guerrero|N/A|NO
MargaritaAguiar|Margarita Aguiar|N/A|NO
liliaedithcan|LIlia Canosa|liliaedithcan@hotmail.com|NO
EmilseImpoco|Emilse Impoco|N/A|NO
FranciscoJavierAcosta|Francisco Javier Acosta|N/A|NO
CristinaSaulo|Cristina Saulo|N/A|NO
marianadevincenzi|Mariana Devincenzi|marianadevincenzi@gmail.com|NO
adrusruiz_1|Adriana Ruiz|adrusruiz_1@hotmail.com|NO
MonicaTauil|Monica Tauil|N/A|NO
SilviaViviana|Silvia Viviana|N/A|NO
marley_cruzf|Marley|marley_cruzf@hotmail.com|NO
MariaLuzGattini|Maria Luz Gattini|N/A|NO
silviopiera|Silviopiera|silviopiera@hotmail.com|NO
leofaber|LEOFABER|leofaberadoratrices@gmail.com|NO
mariaclaudiasosa|maria|mariaclaudiasosa@gmail.com|NO
bertaminin|berta minin|bertaminin@hotmail.com|NO
MariaMarcelaLasagaWehrhahne|Maria Marcela Lasaga Wehrhahne|N/A|NO
enrique|edwin garces|enrique7336@hotmail.com|NO
JoséI.Rozo|José Ignacio Rozo Villamil|joigrov@gmail.com|NO
VivianaBombelli|Viviana Bombelli|N/A|NO
CésarOrlandoPallaresDelgado|César Orlando Pallares Delgado|N/A|NO
vivinallim|Viviana|vivinallim@live.com.r|NO
aquilinodejesus_7659|aquilino dejesus|N/A|NO
escalantecarina|Carina Anahi Escalante|escalantecarina@gmail.com|NO
albalibertad2026|Alba Alcira López Bolívar|albalibertad2026@yahoo.com|YES
norbelyscelis|norbelys celis|N/A|YES
JimmyGuevara|Jimmy Guevara|jimmygyh@gmail.com|YES
henrymoreno|Henry Moreno|henrymoreno@gmail.com|NO
medoferrero|maurizio medo|medoferrero@gmail.com|NO
marthamolina85|Martha Molina|marthamolina85@hotmail.com|NO
OscarEspindola|Oscar Espindola|N/A|NO
AvedenagoGuevaraBriceño|Avedenago Guevara Briceño|N/A|NO
fairyfer5|Martha Isabel Pineda Correa|fairyfer5@gmail.com|NO
CarlosEnriqueSánchezRomero|Carlos Enrique Sánchez Romero|N/A|NO
sanchezromeroc|Carlos Sánchez|sanchezromeroc@gmail.com|NO
beatriz.camacho92|BETTY CAMACHO|beatriz.camacho92@yahoo.com|NO
fabilucky|Héctor Arévalo|fabilucky@hotmail.com|NO
iasna1|MARIANA SIMBAQUEBA|iasna1@hotmail.com|NO
dalexp30|Diego Alexander Pérez Castañeda|dalexp22@hotmail.com|YES
manuelzeap|manuel zea|manuelzeap@gmail.com|NO
GabrielaChiapa|Gabriela Chiapa|N/A|NO
jarabe731|Jose Ariel Ramirez Bedoya|jarabe731@hotmail.com|NO
JorgeDanielPajueloRamirez|Jorge Daniel Pajuelo Ramirez|N/A|NO
fuse402010|jorge|fuse402010@hotmail.com|NO
HECTORFERNANDOTRIVINHOSANTOS|HECTOR FERNANDO TRIVINHO SANTOS|N/A|NO
ca.moreno.lizarazo|Carlos Moreno|ca.moreno.lizarazo@gmail.com|NO
DanielaChiaramonte|Daniela Chiaramonte|N/A|NO
ElianaMontico|Eliana Montico|N/A|NO
PablitoLongo|Pablito Longo|N/A|NO
AleTyler|Ale Tyler|N/A|NO
marmil22|Mariana|marmil22@yahoo.com.ar|NO
ErnestitoTaya|Ernestito Taya|N/A|NO
RocioRodriguezDurand|Rocio Rodriguez Durand|N/A|NO
DiegoCano|Diego Cano|N/A|NO
manuel_vera_morales|Manuel Enrique|manuel_vera_morales@hotmail.com|NO
edasoni6|david soto|edasoni6@gmail.com|NO
andreosorio2003|andrea osorio|andreosorio2003@hotmail.com|NO
anhebe84|Andrea|anhebe84@yahoo.es|NO
arturobotiagil|ARTURO BOTIA GIL|arturobotiagil01@yahoo.es|NO
alemartinez1966|Ale|alemartinez1966@gmail.com|NO
NOKACABRERA|NOREXI|NOKACABRERA@HOTMAIL.COM|NO
orlandopibe2569|orlando rolon potes|orlandopibe2569@hotmail.com|NO
SilvanaVillalba-Villalba|Silvana Villalba-Villalba|N/A|NO
JimmyAlexander|Jimmy Alexander|N/A|NO
CatalinaQuitianOquendo|Catalina Quitian Oquendo|N/A|NO
OscarMorales|Oscar Morales|N/A|NO
anreacultura|Andrea Cerdeyra|anreacultura@yahoo.com.ar|NO
mrsprincipalchildrensworld|YAZMIN CARDOZO MOZO|mrsprincipalchildrensworld@gmail.com|NO
rosemhh|Rose Hinostroza|rosemhh@hotmail.com|NO
nanper68|nanper|nanper68@yahoo.es|NO
NorbertoRivero|Norberto Rivero|N/A|NO
margarams|Margarita Maria Gutierrez|margarams@gmail.com|NO
sandramedina0119|Sandra Medina|sandramedina0119@hotmail.com|NO
IreneQuadarella|Irene Quadarella|N/A|NO
reyklug|Pablo|reyklug@hotmail.com|NO
merigponce|María del Carmen|merigponce@hotmail.com|NO
JoséCarlosMaguiñaM.|José Carlos Maguiña M.|N/A|NO
manuelyarasca|Manuel Yarasca|manuelyarasca@hotamail.com|NO
RoxanaHikawczuk|Roxana Hikawczuk|N/A|NO
JoseVicentePadillaV|Jose Vicente Padilla V|N/A|NO
SergioMuñoz|Sergio Muñoz|oigresjmg@gmail.com|NO
AlfredoVinicioJaramillo|Alfredo Vinicio Jaramillo|N/A|NO
LeticiaNoemíChávezBrito|Leticia Noemí Chávez Brito|N/A|NO
alejandroreynals|Alejandro Fernandez|alejandroreynals@gmail.com|NO
EDaza|EDaza|c.daza@hotmail.com|NO
KaremGómez-Cadenas|Karem Gómez-Cadenas|N/A|NO
kusto|Rafael.Kusto|rafaelkusto@gmail.com|NO
estudiayaprende2|Yohnny|estudiayaprende2@hotmail.com|NO
CarlososOlveira|Carlosos Olveira|N/A|NO
escar|Esperanza Cardona|cardonapalomo24@yahoo.com|YES
nozrag4|Oscar Alejandro Ardila|nozrag4@gmail.com|YES
jorgeromero|Jorge Romero|jorgeromeroc@hotmail.com|NO
jorgeromeroc|Jorge Romero|jorgeromeroc@hotmail.com|NO
Juan|juank|jjuan_boy15@hotmail.com|NO
moiramonzon|Moira Monzón|moiramonzon@gmail.com|NO
EslyMaríaMonterrosaMontaño|Esly María Monterrosa Montaño|N/A|YES
pedroluis|pedro|plas1871@hotmail.com|NO
josuedonas|Josué Donaciano Ruiz García|josue_ci19@hotamil.com|NO
DianaCastellanos|Diana Castellanos|N/A|NO
JoséMiguel|José Miguel|N/A|NO
CieFabafu|Cie Fabafu|N/A|NO
luiscardenaspadilla|Luis Cardenas Padilla|luiscardenaspadilla@hotmail.com|NO
ollurago7171|Olga Lucia|ollurago7171@gmail.com|NO
LuisAlfonsoJimenezMejia|Luis Alfonso Jimenez Mejia|N/A|NO
ClaraVenegas|Clara Venegas|N/A|NO
fercho42000|Fernando Cobo Cisneros|fercho42000@yahoo.es|NO
miguelmarchenacastro|Miguel Angel Marchena Castro|miguelmarchenacastro@hotmail.com|NO
SILVANA|SILVANA|yurani-benavides-ortega@hotmail.com|NO
pablotique|pablotique|pablotique@yahoo.com|YES
LauraOjedaAlvarez|Laura Ojeda  Alvarez|N/A|NO
AnaDoloresAvellaneda|Ana Dolores Avellaneda|N/A|YES
JuanElCarlos|Juan El Carlos|N/A|NO
adris978|ADRIANA LAMPREA BERMUDEZ|adris978@hotmail.com|NO
stefania.infantesanchez|Estefania Infante Sanchez|stefania.infantesanchez@gmail.com|NO
PatricioCadena|Ing. Patricio Cadena|patocadena@hotmail.com|NO
WilliamAlbertoGuamánBagua|William Alberto Guamán Bagua|N/A|NO
RamiroAntonioForero|Ramiro Antonio Forero|N/A|NO
dorammartinez|dora|dorammartinez@hotmail.com|NO
cgoyo|Christian|goyo-christian@hotmail.com|NO
RosanaMascaro|Rosana Mascaro|N/A|NO
jhondarlen0717|ALEN  IBAÑEZ|jhondarlen0717@hotmail.com|NO
almaflower9|maestra Alma|almaflower9@hotmail.com|NO
LilianaEstupñan|Liliana Estupñan|N/A|YES
liliana.estupiancaicedo|liliana caicedo|liliana.estupiancaicedo@gamil.com|NO
jimmyhugo|JIMMY ALVARADO MIRANDA|jimmyhugo@hotmail.com|NO
josealbertorodriguez2004|José Alberto Rodriguez|josealbertorodriguez2004@yahoo.es|NO
SaraEsterAranguren|Sara Ester Aranguren|N/A|NO
DiAe|Di Ae|N/A|NO
m.catalina.suarez|Maria Catalina Suarez|m.catalina.suarez@hotmail.com|NO
SebastianBritoCardona|Sebastian Brito Cardona|N/A|NO
yadira|YINNY YADIRA MORENO PALACIOS|morena.9412@hotmail.com|NO
LeydiJohanaParraFuertes|Leydi Johana Parra Fuertes|N/A|NO
RamosRomell|Ramos Romell|N/A|NO
KarenPaolaQuintanaBarrios|Karen Paola Quintana Barrios|N/A|NO
PaúlAlbertoReynaGutiérrez|Paúl Alberto Reyna Gutiérrez|paul7115@hotmail.com|NO
AliciaBarba|Alicia Barba|N/A|NO
RobertoYturralde|Roberto Yturralde|N/A|NO
MargaritaCastelazo|Margarita Castelazo|N/A|NO
marcelaurrego|Diana Marcela Urrego|marcelaurrego@hotmail.com|NO
MariaJuliaSranko|Maria Julia Sranko|N/A|NO
themasterjagj|jaguzman2000|themasterjag@gmail.com|NO
AlejandraCereceda|Alejandra Cereceda|N/A|NO
iorana.korua|Alejandra|iorana.korua@hotmail.com|NO
NoelyaAlvarez|Noelya Alvarez|N/A|NO
lupejaca|LUPE|lupejaca@hotmail.com|NO
JuanAmayaSuárez|Juan Amaya Suárez|N/A|NO
MarianelaPeraltaCaro|Marianela Peralta Caro|N/A|NO
pjimenezguzman|Pedro Enrique Jimenez Guzman|pjimenezguzman@hotmail.com|NO
roraima|RORAIMA MARCO|roratyma@hotmail.com|NO
gianninazamorarojas84|Giannina Zamora Rojas|gianninazamorarojas84@gmail.com|NO
MarlenyVargas|Marleny Vargas|N/A|YES
tonnylicing|tonnylicing|tonnylicing@hotmail.com|NO
brigidarojascarraasco|BRIGIDA ROJAS CARRASCO|brigidarojascarraasco@gmail.com|NO
mariaalicia_camino|Maria Camino|mariaalicia_camino@yahoo.com|NO
luzrosillon|Luz Marina|luzrosillon@hotmail.com|NO
wally|Waleska Rosado-Mostefaoui|wallygreeneyes@hotmail.com|NO
losrodriguezfami|aquilino|losrodriguezfami@gmail.com|NO
aquilinodejesus|aquilino|aquilinodejesus@hotmail.com|NO
LolereyEspina|Lolerey Espina|N/A|NO
GenaroAlmazan|Genaro Almazan|N/A|NO
educatemas|Educate+|educatemas@hotmail.com|NO
marcoaurelio|Marco Aurelio|macoml@hotmail.com|NO
oscar|OSCAR|rubio1080@hotmail.com|NO
kvillarreal30|karina villarreal|kvillarreal30@hotmail.com|YES
selvin|Selvin Soto|skineet2050@hotmail.com|NO
rumeli6|rudy Melendez|rumeli6@hotmail.com|NO
LizethAguilarZumbado|Lizeth Aguilar Zumbado|N/A|NO
lazumbado|Lizeth|lazumbado@hotmail.com|NO
LethyNaranjo|Lethy Naranjo|N/A|YES
curiquitaka|LETHY|curiquitaka@hotmail.com|NO
evangpardo|Evangelina|evangpardo@gmail.com|NO
diogenestg|Diògenes Tejada|diogenestg@hotmail.com|NO
bichita1412|melissa molina|bichita1412@hotmail.com|NO
josehs163|Josehs|josehs163@gmail.com|NO
mito356|Jaime Canastuj|mito356@hotmail.com|NO
AndresLozano_3463|Andres Lozano|N/A|NO
SandraYaníderCalvoMurcia|Sandra Yaníder Calvo Murcia|N/A|NO
PatriciaLlugdar|Patricia Llugdar|N/A|NO
valeska.garrido|Valeska Garrido|valeska.garrido@usach.cl|NO
GinaPaolaBedoya|Gina Paola Bedoya|N/A|NO
EdnitaCorazondechocolate|Ednita Corazondechocolate|N/A|NO
IreneTorresdeCalens|Irene Torres de Calens|N/A|NO
AnabelArrospideGallo|Anabel Arrospide Gallo|N/A|NO
meugepicco|MaEuge|meugepicco@hotmail.com|NO
JuanMartinCeballosAlmeraya|Juan Martin Ceballos Almeraya|N/A|NO
JhonPolo|Jhon Polo|N/A|YES
martinveron27|Martín Verón de Astrada|martin19@hotmail.com|NO
BrendaCáceresFuentes|Brenda Cáceres Fuentes|N/A|NO
anaibern|Ana|anaibern@yahoo.com.ar|NO
IgnacioEduardoReyesCayul|Ignacio Eduardo Reyes Cayul|N/A|NO
ClaudiaLuciaCañonFranco|Claudia Lucia Cañon Franco|N/A|NO
ruth.palaciosb|Ruth Palacios|ruth.palaciosb@gmail.com|NO
DubisTorresPovea|Dubis Torres Povea|N/A|NO
AndrésJara|Andrés Jara|N/A|NO
SaraLuisaSotoReyes|Sara Luisa Soto Reyes|N/A|NO
CristhianFrancisAtamari|Cristhian Francis Atamari|N/A|NO
pabloleiva.csv|Pablo Leiva|pabloleiva.csv@gmail.com|NO
EvelinNoeliaParedesSalas|Evelin Noelia Paredes Salas|N/A|NO
DiegoSaldíasMeza|Diego Saldías Meza|diego.saldiasm@usach.cl|NO
CristiánPiñaCarrillo|Cristián Piña Carrillo|cristian.pinac@gmail.com|NO
elferabad_aparicio|elfer|elferabad_aparicio@hotmail.com|NO
FabiolaPezoa|Fabiola Pezoa|N/A|NO
alphemipe|Alphe|alphemipe@gmail.com|NO
lilybell|lily bell|N/A|NO
Pao1424c|Paola cuenca|Pao1424c@hotmail.com|NO
kchvedine|Katiuska Chvedine|kchvedine@yahoo.com|NO
EdithMTorres-Gracia|Edith M Torres-Gracia|N/A|NO
AndreaEstradaLaurent|Andrea Estrada Laurent|N/A|NO
dmarcelapt|Marcela|dmarcelapt@hotmail.com|YES
DavidPalacios_5176|David Palacios|N/A|NO
irvingserrano|Irving Serrano|irvingserrano@yahoo.es|NO
mcdominguezm|Mari Carmen|mcdominguezm@hotmail.com|NO
IvonneEuladeAssis|Ivonne Eula de Assis|N/A|NO
ElkinPalma|Elkin Palma|N/A|NO
jhonk|Jhon Kennedy Nieto|jhonk-1416@hotmail.com|NO
SALAS|TEODORA|tcalvasalas@yahoo.com.mx|NO
JuanAndrésMoralesVelasco|Juan Andrés Morales Velasco|N/A|NO
tatianamosquera|tatiana mosquera|N/A|NO
maestraanamariacappiello|ana maria|maestraanamariacappiello@hotmail.com|NO
fgriffith|Flora Griffith|floragriffithdeolivero@yahoo.com|NO
Dhery1|Robert Vega|dhery1@hotmail.com|NO
piternand0|Fer|piternand0@hotmail.com|NO
Maria|Maria Cruz|marygarvel@yahoo.com|NO
borispanchig|Boris Panchig Cardenas|borispanchig@hotmail.com|NO
EdithDeLaRosaEstrada|Edith De La Rosa Estrada|N/A|NO
AmeCordero|Ame Cordero|N/A|NO
raymundoedwinpem|Eraymundo|raymundoedwinpem@gmail.com|NO
GermanLeoDiazlinares|German Leo Diazlinares|N/A|YES
dgacademiico|Denis|dgacademiico@hotmail.com|NO
JnR|Jn R|N/A|NO
monicapavone|Mónica|monicapavone@live.com.ar|NO
DaniloMorales|Danilo Morales|N/A|NO
Estalin|Estalin Malla|estalin57@hotmail.com|NO
MarleneMaicas|Marlene Maicas|N/A|NO
ANDREAGARNICASUAREZ|ANDREA GARNICA SUAREZ|N/A|YES
FernandoMorenoLara|Fernando Moreno Lara|N/A|NO
normanescau|Nélida Manescau|normanescau@yahoo.com.ar|NO
estibaliz.perez|Estíbaliz Pérez|perez.estibaliz@gmail.com|NO
EugeniaQuinteroRivero|Eugenia Quintero Rivero|N/A|NO
ClariVaccarini|Clari Vaccarini|N/A|NO
matilde|Matilde|matildecobeas@yahoo.com.ar|NO
VIRGINIO|VIRGILIO|lingamboav@hotmail.com|NO
EméritoCalle|Emérito Calle|N/A|NO
julio_huerta21|Julio huerta|julio_huerta21@hotmail.com|NO
sanchez.g4.m20|Mary|sanchez.g4.m20@gmail.com|NO
evilorio|Emilio|evilorio@gmail.com|NO
maria_del64|maria amparo|maria_del64@hotmail.com|NO
eldymariana77|ELDY VASQUEZ|eldymariana77@gmail.com|NO
CayitaGrand|Cayita Grand|N/A|NO
Google_user_1135||N/A|NO
JazminIbarroladeKrone|Jazmin Ibarrola de Krone|N/A|NO
lametaeselcamino|Laura Guerra Bauzá|lametaeselcamino@gmail.com|NO
canairagraterol|Canaíra Graterol|canairagraterol@hotmail.com|NO
alarcon1389|Maria Paula|alarcon1389@gmail.com|NO
Isabelfa|Isis|marthons@gmail.com|NO
juancarlosgonzalezparra|juan carlos gonzalez parra|N/A|NO
AngelaLeguizamo|Angela Leguizamo|N/A|YES
crucetica|andrea cruz|crucetica@hotmail.com|NO
jphoenix.07|jefferson|jphoenix.07@hotmail.com|NO
WilliamAndresGranadaCampos|William Andres Granada Campos|N/A|NO
audreyedithpntrz|Audrey|audreyedithpntrz@gmail.com|YES
geragui123|Gerson Gerardo Aguirre Patiño|geragui123@hotmail.com|NO
CarolinaCastaño|Carolina Castaño|N/A|NO
EdwinEliasAlanizCamacho|Edwin Elias Alaniz Camacho|N/A|NO
Oresttes|Javier Echeverría|oresttess@hotmail.com|NO
AlbaVenegasGuerrero|Alba Venegas Guerrero|N/A|NO
EdwinFernandoGuzmanHenao|Edwin Fernando Guzman Henao|N/A|YES
RuthMeza|Ruth Meza|N/A|NO
nymb22|NIDIA YAMILE GUTIERREZ|nymb22@hotmail.com|NO
AdryanaGonzalez|Adryana Gonzalez|N/A|NO
JehistEsquivTyler|Jehist Esquiv Tyler|N/A|NO
AdriKaseres|Adri Kaseres|N/A|NO
JuanManuelLozanoZuñiga|Juan Manuel Lozano Zuñiga|N/A|NO
DuqueJosé|Duque José|N/A|NO
VMILLÁNJuanC|V MILLÁN Juan C|N/A|NO
PabloXanthopoulos|Pablo Xanthopoulos|N/A|NO
maraqcua|RUBEN BARRETO|maraqcua@gmail.com|YES
AdrianaLampreaBermudez|Adriana Lamprea Bermudez|N/A|NO
carolina|carolina|karo.edufisica@gmail.com|YES
ehofmann|Erika Leonor|ehofmann019@gmail.com|NO
anrologo23|Ana Rosa López Gómez|anrologo23@hotmail.com|NO
WilliamJavierCastillo|William Javier Castillo|N/A|NO
henrykoreano|Henry Alberto Ramirez Florian|henrykoreano@gmail.com|NO
erika|ERIKA TORRES|erikapicon11@hotmail.com|NO
williamjavier.castillocastillo|William Javier Castillo|williamjavier.castillocastillo@gmail.com|YES
roneme54|ROSA|roneme54@hotmail.com|NO
kari_09_13|Dayanna Araque|kari_09_13@hotmail.com|NO
ag71724|uger|ag71724@gmail.com|NO
josefernandoperezg|Fernando Pérez|josefernandoperezg@yahoo.com|YES
LarryFragozo|Larry Fragozo|N/A|NO
LarryJonatanFragozoVillafane|Larry Jonatan Fragozo Villafane|N/A|NO
pacha22|Adriana Bravo|pacha22@hotmail.com|YES
rojasgonzalezmireya1|Mireya Rojas G.|rojasgonzalezmireya1@hotmail.com|NO
saavedradorcas|Dorcas Saavedra|saavedradorcas@hotmail.com|NO
salvechina|Daniel Rosales|salvechina@gmail.com|NO
JohannaPaolaGranados|Johanna Paola Granados|N/A|YES
NatalyBelloFernandez|Nataly Bello Fernandez|N/A|NO
pilarcastillo26|María del Pilar Castillo|pilarcastillo26@hotmail.com|NO
Lufe|Luisa Fernanda Torres Jiménez|lufe40luisa40@hotmail.com|YES
EdwinCarlos|Edwin Carlos|edwincarlos@hotmail.com|YES
EduardoPuentesTorres|Eduardo Puentes Torres|N/A|NO
ALEYDA|ALEYDA|aleyda_camacho@hotmail.com|NO
gustavo|gustavo Ortegon|gustavo.961@hotmail.com|NO
dianis|Diana|dianis15_0@hotmail.com|NO
charte|ronald gaitan|xawwierftt@hotmail.com|NO
miguelangelo|miguel  angel|mcieza60@hotmail.com|NO
PaoBonilla|Pao Bonilla|N/A|YES
javisalc|Javier|javisalc@gmail.com|NO
AlexMonoCastañeda|Alex Mono Castañeda|N/A|NO
myriamorr|Myriam orjuela|myriamorr@yahoo.com|NO
NathaliaAndreaCubillosRodríguez|Nathalia Andrea Cubillos Rodríguez|N/A|YES
DiegoAlejandroRamirez|Diego Alejandro Ramirez|N/A|NO
MarioGetial|Mario Getial|N/A|NO
MariaCamilaMunozArdila|Maria Camila Munoz Ardila|N/A|YES
andcar_09|Andrea Carolina Cruz Rios|andcar_09@hotmail.com|NO
nimujica|Nicolás Mujica|nimujica@gmail.com|NO
RicardoGarcia|Ricardo Garcia|N/A|NO
JorgeCanalesRodríguez|Jorge Canales Rodríguez|N/A|NO
yaritza3079|Yaritza Urriola|yaritza3079@hotmail.com|NO
Fega|Fernanda Gabriela|nandaela@gmail.com|NO
mayuarevalo|mayu|mayuarevalo@gmail.com|NO
cristian.sosa|Cristian Sosa|cristian.sosa@gmail.com|NO
jcvanegasariza|Julia Vanegas|jcvanegasariza@hotmail.com|YES
ErikaVargas|ErikaVargas|erikita379@hotmail.com|NO
ricardorodolfo2004|RICARDO|ricardorodolfo2004@gmail.com|NO
NahomyArenas|Nahomy Arenas|N/A|NO
vicente.1978|Vicente Morocho|vicente.1978@yahoo.es|NO
bmedinao|Benjamin Medina|bmedinao@hotmail.com|NO
josebaeza|Jose baeza|josebaeza@gmail.com|NO
connarias|constanza arias|constanza.arias@gmail.com|NO
LicIsraelGarcíaRamirez|Lic Israel García Ramirez|N/A|NO
Martha|Martha Castro Villa|estrella.castrovilla6@gmail.com|NO
noramiro|noramiro|mirogali@hotmail.com|NO
MixterioMisterio|Jose L. Sandoval|zandovalrbk@hotmail.com|NO
fontanazul|José Abel Torres Conde|fontanazul33@yahoo.com.mx|NO
natis|natis|natis523_1@hotmail.com|NO
LudwigJohannsenMehner|Ludwig Johannsen Mehner|N/A|NO
marinafe1204|Marina|marinafe1204@hotmail.com|NO
MargaritaViana|Margarita Viana|N/A|NO
Rosa|ROSA|cortes_aguirre_miriam@hotmail.com|NO
oswaldomerchan|ECUADOR EMPRENDE|oswaldomerchan@hotmail.com|NO
idijupeli|idianis|idijupeli@hotmail.com|NO
JoaquínSolano_7682|Joaquín Solano|N/A|NO
JorgeEduardoRodriguezMiranda|Jorge Eduardo Rodriguez Miranda|N/A|YES
junker_odca|Daniel|junker_odca@hotmail.com|NO
AnaMariaMojicadeMendoza|Ana Maria Mojica de Mendoza|N/A|NO
CarolinaGonzález|Carolina González|N/A|NO
bethsy1516|Bethsy Marcela|bethsy1516@hotmail.com|YES
LauraQuintero_8111|Laura Quintero|N/A|NO
aperezgil|Ana ELizabeth|aperezgil@gmail.com|NO
JuanCarlosAlvarezMora|Juan Carlos Alvarez Mora|N/A|NO
claudia_camacho61|Claudia Camacho Beltran|claudia_camacho61@yahoo.com|NO
monicamrc013|Mónica Murcia|monicamrc013@gmail.com|YES
canvagadu|Carlos Andrés|canvagadu@gmail.com|NO
ElvisLópez|Elvis López|N/A|NO
elvis63169|Elvis López|elvis63169@hotmail.com|NO
disoider|Nathalia Valbuena|disoider@gmail.com|YES
PedroGalvis|Pedro Galvis|pepegale@gmail.com|NO
GladysEslava|Gladys Eslava|N/A|NO
LeidyMarcelaAngelOrtega|Leidy Marcela Angel Ortega|N/A|NO
neisve28|Neisve|neisve28@hotmail.com|NO
LuisÁngelPérezCante|Luis Ángel Pérez Cante|N/A|YES
GEOVANNYGARCÍA|GEOVANNY GARCÍA|liceoporvenir@hotmail.com|NO
luzdy5000|Luzdy|luzdy5000@yahoo.com|NO
andrea.hernandez1588|Andrea Hernandez|andrea.hernandez1588@hotmail.com|YES
eramirezisaza|Eugenia Ramirez Isaza|eramirezisaza@gmail.com|NO
JoaquínSolano|Joaquín Solano|joaquinsolana@gmail.com|NO
MariemKaterineMaderaMachado|Mariem Katerine Madera Machado|geografa0891@hotmail.com|NO
fredy|FREDY AVILA SANCHEZ|fredy-profemat@hotmail.com|NO
nancymateus|Nancy Mateus|nancy_mateus@yahoo.es|NO
gear0617|Gabriel0617|gear0617@hotmail.com|NO
DanielWinstonChavesRamirez|Daniel Winston Chaves Ramirez|N/A|YES
maritzamateusv|Maritza Mateus Vargas|maritzamateusv@hotmail.com|NO
tami_1709|Tania Maribel Getial Quenoran|tami_1709@hotmail.com|NO
MarthaYadiraOtaloraRojas|Martha Yadira Otalora Rojas|N/A|NO
mirandaforero|ÓSCAR MIRANDA|mirandaforero@gmail.com|YES
FelipeGuevara|Felipe Guevara|N/A|NO
valen.sanchezb|Valentina Sánchez|valen.sanchezb@gmail.com|NO
tcastillo|Thayira|tcastillo@ucla.edu.ve|NO
fhgarcia|Fabio H. Garcia Gomez|fhgarcia@misena.edu.co|NO
juliadsm|Julia Dolores Salamandra Martinez|juliadsm@hotmail.com|NO
soniareyes|Sonia Lisbeth Reyes Neira|soniareyes17@yahoo.com|YES
ManjulaLondoño|Manjula Londoño|N/A|NO
gladyshurtadoosorio|Gladys Huirtado|gladyshurtadoosorio@gmail.com|NO
WejxaLuucx|Wejxa Luucx|N/A|NO
sanguino777|José Agustin Sanguino|sanjast777@hotmail.com|NO
dubistp|DUBIS TORRES POVEA|dubistp@hotmail.com|NO
Javierperezpineda|Javier perez pineda|N/A|NO
rosafer204|Rosa Maria Fernandez|rosafer204@yahoo.es|NO
ar.178|RUTH|ar.178@hotmail.com|NO
quimidios|Diana Garcia|quimidios@yahoo.es|NO
ingridaramirezm|INGRID|ingridaramirezm@yahoo.com|NO
andreadealpilar|andrea del pilar rodriguez riaño|andreadelpilr40_@hotmail.com|NO
leomateusbedoya|LEONARDO MATEUS BEDOYA|leomateusbedoya@gmail.com|NO
rokitaq|IGNACIO ROCA|rokitaq@yahoo.es|NO
ClarisaMori|Clarisa Mori|N/A|NO
kdianaarroyo|Diana|kdianaarroyo@gmail.com|NO
claublap21|Claudia|claublap21@gmail.com|NO
158427011969|Alcibiades Nieto Zambrano|nietoalcibiades@gmail.com|NO
juannzuluagaosorio|Juan Norberto Zuluaga Osorio|juannzuluagaosorio@gmail.com|NO
EdwinEnriqueRojasFerrari|Edwin Enrique Rojas Ferrari|N/A|NO
lvanessaw|Vanessa Mora|lvanessaw@hotmail.com|YES
mnieves91|Maura Nieves|mnieves91@hotmail.com|NO
PatriciaMHerreraSalazar|Patricia M Herrera Salazar|N/A|NO
JohannaRodriguez_7127|Johanna Rodriguez|N/A|NO
LauraMarcelaPereaVélez|Laura Marcela Perea Vélez|N/A|NO
doragaldana|Dora Gallo Aldana|doragaldana@gmail.com|NO
MiguelIto|Miguel Ito|N/A|NO
Atuco2010|Ivan Villarreal|ivillarrealarango@gmail.com|NO
JulianGuzman|Julian Guzman|N/A|NO
jesucristo|Alexander Luna Nieto|alexlunanieto@gmail.com|NO
natap84|Natalia Perez|natap84@hotmail.com|NO
JuanPabloCastel|Juan Pablo Castel|N/A|NO
william3276|William Aguilera|william3276@gmail.com|NO
harrypkr|Harry Augusto Gómez Espinosa|harry1118@hotmail.com|NO
cduqueosfer|CLAUDIA PATRICIA DUQUE GIRALDO|cduqueosfer@gmail.com|NO
andreakml05|Andrea Camelo|andreakml05@hotmail.com|NO
ropardof|Robinson Pardo|ropardof@hotmail.com|NO
juancarlosgonzálezsánchez|juan carlos gonzález sánchez|N/A|NO
jmilena75|Jenny|jmilena75@hotmail.com|NO
YohannaMilena|Yohanna Milena Nieto Gamboa|yohannanieto4@gmail.com|NO
LeoVargas|Leo Vargas|N/A|NO
Didiana|Didiana|reinadidiana@hotmail.com|NO
laforerope|Luz Amanda Forero Perez|laforerope@unal.edu.co|NO
aramirezgale|alberto ramirez gale|aramirezgale@yahoo.com|NO
alejo200487|Fredy Alejandro|alejo200487@gmail.com|YES
WilsonAlejandroTriana|Wilson Alejandro Triana|N/A|YES
JuliánEcheverryZapata_1595|Julián Echeverry Zapata|N/A|NO
lee_yjcanont113|jenny cañon|lee_yjcanont113@pedagogica.edu.co|NO
JûlïïpäûlïïnGönzälëz|Jûlïïpäûlïïn Gönzälëz|N/A|YES
gatubela_30_|Diana López Pinto|gatubela_30_@hotmail.com|NO
i.bermudez.a|Iván Bermúdez|i.bermudez.a@hotmail.com|YES
LinaSaldarriaga|Lina Saldarriaga|N/A|NO
ppiRedsor|ppi Redsor|N/A|NO
LuisaFernandaGutierrez|Luisa Fernanda Gutierrez|N/A|YES
bochis90|Ivonne|bochis90@hoptmail.com|NO
alejitafigo14|yenny alejandra|alejitafigo14@gmail.com|YES
nata040693|natalia moreno choconta|natika040693@hotmail.com|NO
JeniferSofiaBlanco|Jenifer Sofia Blanco|N/A|NO
karime_hissami|luzkh|karime_hissami@hotmail.com|NO
PattyAndre|Patricia Andrea|aicirtap2087@hotmail.com|NO
JenniferBolivar|Jennifer Bolivar|N/A|NO
JulianEcheverryZapata|Julian Echeverry Zapata|N/A|NO
FernandoReneSolerHernandez|Fernando Rene Soler Hernandez|rene_solerh@yahoo.com|NO
vivihirland|vivian hirlandy franco|vivihirland@hotmail.com|NO
alejandramenco|Alejandra Menco|alejandramenco@gmail.com|NO
Sara.a|Sara Avellaneda|sarisavga@gmail.com|NO
johannarodriguez|johanna rodriguez|N/A|YES
JuliánAugustoHernándezPulido_5174|Julián Augusto Hernández Pulido|juahernandezpu@unal.edu.co|YES
AlejandroOlivares|Alejandro Olivares|N/A|NO
BethbathrickElizabeth|Bethbathrick Elizabeth|N/A|NO
enlohe_7|Esp. Enrique López|enlohe_7@hotmail.com|NO
gleydisol|Gleydi González|gleygo@yahoo.es|YES
SaMiMuñozRodriguez|SaMi Muñoz Rodriguez|N/A|NO
AstridSanchez|Astrid Sanchez|N/A|NO
NéstorBriceñoEstepa|Néstor Briceño Estepa|N/A|NO
LibiaVélezLatorre|Libia Vélez Latorre|N/A|NO
aleaarley|John Arley|aleaarley@hotmail.com|YES
MayerlyCampos|Mayerly Campos|N/A|NO
CamiloYesidRoseroRamírez|Camilo Yesid Rosero Ramírez|N/A|NO
AngiePaez|Angie Paez|N/A|NO
Jorgesolanoespitia|Jorge Solano Espitia|Jorgesolanoespitia@gmail.com|NO
AndresLozano|Andres Lozano|alozano8807@hotmail.com|NO
stefanith422|Stefanith Caballero|stefanith422@hotmail.com|NO
patico_ro09|Johana Patricia Rojas Hernandez|patico_ro09@yahoo.es|YES
claudiamarcelacruz|marcela|claudiamarcelacruz@gmail.com|NO
yessivi|Yessica Barragán|yessivi-520@hotmail.com|YES
jsamayas|Juan Sebastian Amaya Suárez|jsamayas@gmail.com|NO
IGNISNATUS|DIEGO GONGORA|DARCK16DIEGO@HOTMAIL.COM|NO
maayazzo|MARIA ANGELICA YAZZO ZAMBRANO|maayazzo@gmail.com|NO
ViviVanegasRojas|Vivi Vanegas Rojas|N/A|NO
CindyStephanieRiveraMiranda|Cindy Stephanie Rivera Miranda|N/A|NO
JohnH.Diaz|John H. Diaz|N/A|YES
AdrianEstebanSegura|Adrian Esteban Segura|N/A|YES
LauraQuecán|Laura Quecán|N/A|YES
AndrésBeltrán|Andrés Beltrán|N/A|NO
OmarAya|Omar Aya|omarayar@hotmail.com|YES
gladysElenaHurtado|gladys Elena Hurtado|N/A|NO
Roci-meAlvarado|Roci-me Alvarado|N/A|NO
PaolaGoyeneche|Paola Goyeneche|N/A|NO
AlvaroAndrésPrieto|Alvaro Andrés Prieto|N/A|YES
LisethPulidoGómez|Liseth Pulido Gómez|N/A|NO
GeraldinBaquero|Geraldin Baquero|Pre Universitario popular "San Cristobal"|YES
JhonatikoRodriguez|Jhonattan Rodriguez|jrodriguez@designgo.com.co|YES
CristianYamidArizaMonroy|Cristian Yamid Ariza Monroy|N/A|YES
lesliealexasanchezreyes|leslie alexa sanchez reyes|N/A|YES
YudyMahechaJiménez|Yudy Mahecha Jiménez|N/A|NO
JHONMOSQUERA|JHON MOSQUERA|N/A|NO
LilianaAlvarez|Liliana Alvarez|N/A|NO
AlejandraMartinez|Alejandra Martinez|N/A|NO
BathRick|Bath Rick|N/A|YES
AnaLUCIARODRIGUEZ|Ana LUCIA RODRIGUEZ|N/A|NO
CristianHerrera|Cristian Herrera|N/A|NO
HeiderBeltran|Heider Beltran|N/A|YES
KarimeHissami|Karime Hissami|N/A|NO
dianapaola2606|DIANA PAOLA GUZMAN ESPEJO|dianapaola2606@gmail.com|YES
miguelalexanderricaurtelasso|miguel alexander ricaurte lasso|N/A|NO
JorgeAndresSuarezRodriguez|Jorge Andres Suarez Rodriguez|N/A|NO
iramospardo|Ivan Marcelo Ramos Pardo|iramospardo@gmail.com|NO
tatiana.repizo|Ingrid Tatiana Repizo Correa|tatiana.repizo@gmail.com|NO
andtatis172|Tatiana Escobar|andtatis172@hotmail.com|YES
luby|luby garcia|luby_9214@hotmail.com|NO
Ishqueriot|Andrés Gonzalez Herrera|iscariot_von_hohenheim@hotmail.com|NO
OmardanielVargasSuarez|Omardaniel Vargas Suarez|N/A|NO
AdrianaCardenas|Adriana Cardenas|N/A|NO
EderGonzalez|Eder Gonzalez|N/A|NO
LuisBeltran|Luis Beltran|N/A|NO
JavierEcheverry|Javier Echeverry|N/A|NO
nmarin1949|Norberto|nmarin1949@yahoo.com|NO
AdrianaAstorquiza|Adriana Astorquiza|N/A|YES
CarolinaGonzálezRaigosa|Carolina González Raigosa|N/A|NO
JorgeLeónCorrea|Jorge León Correa|N/A|NO
ChepeRiano|Chepe Riano|N/A|NO
EricSchilling_5613|Eric Schilling|N/A|NO
yuli.garzon8|Yuli Garzón|yuli.garzon8@hotmail.com|NO
edwin77|Edwin Rojas Ferrari|rosarios77@gmail.com|NO
JuanCarlos|Juan Carlos|N/A|NO
albitalvg|Alba Venegas G.|albitalvg@hotmail.com|YES
AndresDiago|Andres Diago|N/A|NO
leidymarin7|leidy|leidymarin7@gmail.com|YES
edwinferguz|Edwin Henao|edwinferguz@hotmail.com|NO
rague|rami|ra-gue-design@hotmail.fr|NO
CarlosAndresMedinaMunoz_4111|Carlos Andres Medina Munoz|N/A|NO
rodriguezandres.b|Engelver Andres Rodriguez|rodriguezandres.b@gmail.com|NO
diana_c_ramirez|Psicóloga Diana|diana_c_ramirez@hotmail.com|NO
SilviaOspina|Silvia Ospina|N/A|NO
silvanasalazarg|Silvana|silvanasalazarg@gmail.com|NO
PerOest|Per Oest|N/A|NO
andreaöst|andrea|N/A|NO
JohanF.Lizarazo|Johan F. Lizarazo|N/A|NO
soniagarnicam|SONIA|soniagarnicam@gmail.com|NO
posgradofinanzas|William Muñoz Quintero|posgradofinanzas@gmail.com|NO
AlexanderLunaNieto|Alexander Luna Nieto|N/A|NO
arlex007|Arlex Américo|arlex007@gmail.com|NO
AndreaCatalina|Andrea Catalina|N/A|NO
CarolineLovins|Caroline Lovins|N/A|NO
AriTMartinez|Ari T Martinez|nanayzaza84@yahoo.com|YES
emillan100|Educación en Gerencia Proyectos|emillan100@yahoo.es|NO
jmurciapiedrahita|JOSE LUIS MURCIA|jmurciapiedrahita@gmail.com|NO
axta72|LUIS GABRIEL VILLAMIZAR RANGEL|axta72@gmail.com|NO
jaimeandres3|Jaime Carvajal Blanco|jaimeandres3@gmail.com|NO
JuanaCDiaz|Juana C Diaz|N/A|NO
diegtorb|Diego|diegtorb@hotmail.com|NO
YOAveFénix|YO Ave Fénix|skyandseag@hotmail.com|NO
MONICANUÑEZALVAREZ|MONICA NUÑEZ ALVAREZ|N/A|NO
arneth.rm|arneth|arneth.rm@gmail.com|NO
jeff01ale|JEFFERSON ALEXANDER SOSSA|jeff01ale@yahoo.es|NO
katherinesd|Katherine|katherinesd@hotmail.com|NO
Viviana|Viviana Reyes Ospina|vivi-marce-18@hotmail.com|NO
marthica|Martha Arevalo|marthica.cae@gmail.com|NO
edificandovidas|DMP|edificandovidas@hotmail.es|NO
CarlosFernandoDeviaVillegas|Carlos Fernando Devia Villegas|N/A|NO
YuliCasallasAmaya|Yuli Casallas Amaya|N/A|NO
clim_mp|CLÍMACO MACHUCA PEREZ|clim_mp@hotmail.com|NO
edcruci7608|Edgardo Antonio Cruz Cicero|edcruci7608@gmail.com|NO
faridram16|Farid|faridram16@hotmail.com|NO
dnegret9|Daniel|dnegret9@hotmail.com|YES
JoshuaJoshua|Joshua Joshua|N/A|NO
JOROMOGA28|ROLANDO|JOROMOGA28@GMAIL.COM|NO
JorgeAlexanderCaicedo|Jorge Alexander Caicedo|N/A|NO
DOBEJO|DORIS BELTRAN JOYA|mdorisbj@hotmail.com|NO
jmahecha21|jmahecha21|jmahecha21@msn.com|NO
CarlosChaparroLopez|Carlos Chaparro Lopez|N/A|NO
GilbertoCorrea|Gilberto Correa|N/A|NO
ManuelLopezHernandez|Manuel Lopez Hernandez|N/A|NO
jeisonhenaovalencia|Jeison Henao|jeisonhenaovalencia@hotmail.com|NO
alirioquitian|A.Quitián M.|alirioquitian@yahoo.es|NO
LuisPertuz|Luis Pertuz|lpertuz@colegiohebreounion.edu.co|NO
BladimirRojas|Bladimir Rojas|N/A|NO
tedder|Tédder|tninod@cdiocesano.edu.co|NO
henrycanon87|Henry Cañon|henrycanon87@hotmail.com|NO
yuly|yuly|yulyeparra@gmai.com|NO
AlejandroA.GalvisEnciso|Alejandro A. Galvis Enciso|N/A|NO
WalterCórdoba|Walter Córdoba|N/A|NO
Hernando|Hernando Carvalho-Murcia|carvalh_3@hotmail.com|NO
NelsonRiaño|Nelson Riaño|N/A|NO
MargaritaLealLeal|Margarita Leal Leal|N/A|NO
JuanDavidArroyaveHenao|Juan David Arroyave Henao|N/A|NO
myriamromero2011|Myriam|myriamromero2011@hotmail.com|NO
AdrianMarino|Adrian Marino|N/A|NO
AndrésNúñezÁlvarez|Andrés Núñez Álvarez|N/A|NO
JuanCarlosCasasbuenasRodriguez|Juan Carlos Casasbuenas Rodriguez|N/A|NO
deosandra1|SANDRA LIMAS|deosandra1@yahoo.es|NO
ehernandez|Eduardo Hernandez Ortiz|ehernandez@udistrital.edu.co|NO
JairoACeronD|Jairo A Ceron D|N/A|NO
JulioVillateJessen|Julio Villate Jessen|N/A|NO
williamgranada|William Granada|william_gra@hotmail.com|NO
JuanETorres|Juan E Torres|torresjuane@yahoo.com|NO
olaya19912009|Javier Olaya Rodriguez|olaya19912009@hotmail.com|NO
JuanCarlosNegret|Juan Carlos Negret|N/A|NO
LeonardoCastellanos|Leonardo Castellanos|leonardocastellanostrujillo@gmail.com|NO
LeonardoPrieto|Leonardo Prieto|N/A|NO
williampin|William|williampin@gmail.com|NO
kirikiplay|Jonatan|kirikiplay@gmail.com|NO
ruth|ruth|ingesmefe@hotmail.com|NO
EdwinAlbertoCarmonaBedoya|Edwin Alberto Carmona Bedoya|N/A|NO
AlexanderVelasquez|Alexander Velasquez|N/A|NO
profediego|Profediego|profediego2005@yahoo.com.ar|NO
Flor|Flor|florbaram07@gmail.com|NO
jairogomez1981|Jairo Antonio Gomez Moreno|jairogomez1981@hotmail.com|NO
MACERH|MARIA CECILIA  RAMOS H.|macerh@hotmail.com|NO
gjime02|albert|gjime02@hotmail.com|NO
FranciscoJavierRoldánVelásquez|Francisco Javier Roldán Velásquez|N/A|NO
andrearestrepo28|Andrea Restrepo|andrearestrepo28@hotmail.com|NO
VictorRodriguez|Victor Rodriguez|N/A|NO
doracevedo|Doralba Acevedo Rodríguez|doracevedo@hotmail.com|NO
gabrielcatano|Gabriel Cataño|gabrielcatano@itm.edu.co|NO
FabioHumbertoGarciaGomez|Fabio Humberto Garcia Gomez|N/A|NO
ProfeFabioGarciaGarcíaGomez|Profe Fabio Garcia García Gomez|N/A|NO
jleonado|Javier Leonardo Cifuentes|jleonado@gmail.com|NO
naborinfantepinto|NABOR|naborinfantepinto@yahoo.com|NO
doddyc|doddy|doddyc@hotmail.com|NO
judas2621|Juan David Sanchez Perez|judas2621@hotmail.com|NO
nefoduarte|nelly forero|nefoduarte@hotmail.com|NO
mariprias|Mariana Prias Trujillo|mariprias@gmail.com|NO
masterjuan9|JUAN CARLOS ALVAREZ|masterjuan9@gmail.com|NO
ccrfono|Clemencia Cuervo-Rodríguez|ccrfono@gmail.com|NO
CristhianAlejandroGuzmanIbagon|Cristhian Alejandro Guzman Ibagon|N/A|NO
dionnemoreno|DIONNE|dionnemoreno@gmail.com|NO
actualizacionespedagogica|GUIDO  CERPA|actualizacionespedagogica@gmail.com|NO
FranciscoTarapuezAscuntar|Francisco Tarapuez Ascuntar|N/A|NO
joseperezgamboa|JOSE KEYVINO PEREZ GAMBOA|joseperezgamboa@yahoo.es|NO
MariaCeciliaRamosHerrera|Maria Cecilia Ramos Herrera|N/A|NO
UgoSanchezBaezaProfesor|Ugo Sanchez Baeza Profesor|N/A|NO
juanmarinos|Juan Marín|juanmarinos@hotmail.com|YES
DiegoAlonsoGómezGonzález|Diego Alonso Gómez González|N/A|NO
LeonardoEnriqueMezaDeLaHoz|Leonardo Enrique Meza De La Hoz|N/A|NO
moralopezsp|Sandra Mora|moralopezsp@hotmail.com|NO
yomayda|yomayda|lunhadazul@gmail.com|NO
geovannygarciaf|geovanny garcia|geovannygarciaf@hotmail.com|NO
JohnJairoEscobar|John Jairo Escobar|N/A|NO
facoperez_19|fanny consuelo perez gutierrez|facoperez_19@hotmail.com|NO
limaba69|LILIBETH MATEUS BARBOZA|limaba69@hotmail.com|NO
consufer6|CONSIIELO FERNANDEZ ARIAS|consufer6@hotmail.com|NO
formarmundos|Docente Constanza diaz|formarmundos@gmail.com|NO
JaimeAlejandroFernandezOlivera|Jaime Alejandro Fernandez Olivera|N/A|NO
edmuriel|Edward|edmuriel62@yahoo.es|NO
gunupe|Gustavo|gunupe@gmail.com|NO
Gabriel|Gabriel Francisco|catanogabrielfrancisco@gmail.com|NO
pool42|jader alberto davila|jad-dav@hotmail.com|NO
gustavoemj|Gustavo Enrique Muñoz Jimèmez|gustavoemj@hotmail.com|NO
ghomcg|gerardo|fisica3000@hotmail.com|NO
jaidy145|jaidy|jaidydiaz_14@hotmail.com|NO
glotecasas|Gloria|glotecasas@gmail.com|NO
cprc1216|claudia patricia romero c|cprc1216@gmail.com|NO
divita1961|EDITH|divita1961@gmail.com|NO
WilfridoParra|Wilfrido Parra|N/A|NO
hei_pagra|heiman paz|hei_pagra@hotmail.com|NO
teacherjdv|Johnny Durango V.|teacherjdv@hotmail.com|NO
dodidi.1970|DORIS DIAZ Diaz|dodidi.1970@yahoo.es|NO
frevartoone|FREDDY VARGAS TORRES|frevartoone@hotmail.com|NO
ClaudiaBuitrago|Claudia Buitrago|N/A|NO
rauljide|rauljide|rauljide@gmail.com|NO
caleon70|carlosleon|caleon70@gmail.com|NO
JuanCarlosBlandonVargas|Juan Carlos Blandon Vargas|N/A|NO
edgasalo|Edgar Daniel Sánchez L|edgasalo@gmail.com|NO
EdwinFranco|Edwin Franco|N/A|NO
alejo0351|alejo0351|alejandrolivares08@gmail.com|NO
lalvarez|LEONARDO ALVAREZ|lalvarez@lanuevaesperanza.edu.co|NO
jasd2004|jesus|jasd2004@hotmail.com|NO
rigodremas007|jose rigoberto lopez|rigodremas007@yahoo.es|NO
tara988|EDUARDO|tara988@hotmail.com|NO
crisma99|Ma. Cristina Cely C.|nacely84@hotmail.com|NO
miouja13|Edilma Olmos Cotes|miouja13@gmail.com|NO
nhoralucia|Nhora Lucia Arias|nhoralucia@gmail.com|NO
JuliánE.Guzmán|Julián E. Guzmán|N/A|NO
filosofandoconelkin|ELKIN PALMA BARAHONA|filosofandoconelkin@gmail.com|NO
jairomanuel|JAIRO MANUEL TURIZO REINEL|jivyes@hotmail.com|NO
jhanandrade|jhan ever|jhanandrade@yahoo.es|NO
JAZMIN|ERLIS LOPEZ|jazminalh@hotmail.com|NO
dguerra091067|David Guerra|dguerra091067@gmail.com|NO
NenaDaconte|Nena Daconte|N/A|NO
JessicaSierra|Jessica Sierra|N/A|NO
CarlosAlbertoMuñozJoaqui|Carlos Alberto Muñoz Joaqui|N/A|NO
WilsonJavierMosqueraPalacios|Wilson Javier Mosquera Palacios|N/A|NO
ignacio_nk|ignacio calle|ignacio.klle@gmail.com|NO
jose.pardey|JOSE JOAQUIN PARDEY DUQUE|jose.pardey@gimnasioloscaobos.com|NO
barcenas302|profebarcenas|barcenas302@yahoo.com|NO
henrry455|HENRRY ABAUNSA CASTRO|henrry455@gmail.com|NO
CARLOSANDRESMEDINAMUÑOZ|CARLOS ANDRES MEDINA MUÑOZ|camed151@gmail.com|NO
AlbaInesGiraldoLopez|Alba Ines Giraldo Lopez|N/A|NO
arquinem|Arquigil|arquinem@gmail.com|NO
mikyjair|mikyjair|mikyjair@hotmail.com|NO
JaimeAlbertoCaballeroArguelles|Jaime Alberto Caballero Arguelles|N/A|NO
johnhadiaz1|John Diaz|johnhadiaz1@hotmail.com|NO
fredmer51|Fredy A. Mercado Díaz|fredmer51@misena.edu.co|NO
SilvioRebolledo|Repipe|srliteratura@yahoo.es|NO
claupatrivillasal|CLAUDIA PATRICIA VILLADA SALAZAR|claupatrivillasal@gmail.com|NO
dino.segura|dino|dino.segura@epe.edu.co|NO
beatriz.triana|colegios@edufolium.com|beatriz.triana@sanboni.edu.co|NO
jorge|Jorge|davidpalgut@hotmail.com|NO
AnaArenasL|Ana Arenas L|N/A|NO
Raquellázarovicente|Raquel lázaro vicente|N/A|NO
NairoGranados|Nairo Granados|nairox@gmail.com|NO
JudaroTrece|Judaro Trece|N/A|NO
iloflorez|Ileana Flórez P.|iloflorez@hotmail.com|NO
camilamedina|camila medina|N/A|NO
AngelaPatriciaPérezLuque|Angela Patricia Pérez Luque|N/A|NO
Bryhan1831|Bryhan|Bryhan1831@gmail.com|NO
diego.vdem|Diego Vanegas Acero|diego.vdem@misena.edu.co|NO
MonicaJurado|Monica Jurado|N/A|NO
gabrielbar10|andres barrios|gabrielbar10@gmail.com|NO
JosephMRing|Joseph M Ring|N/A|NO
MagdadelSocorro|Magda del Socorro|N/A|NO
gramon|gramon|gramon@misena.edu.co|NO
JaimeAndresAlvarezSuarez|Jaime Andres Alvarez Suarez|N/A|NO
sandramaceta|Sandra M|sandramaceta@yahoo.com|NO
EricJosephSchilling_6118|Eric Joseph Schilling|N/A|NO
ballongerardo|Gerardo|ballongerardo@gmail.com|YES
MelissaAvendañoT.|Melissa Avendaño T.|N/A|NO
andresbar10|andres barrios|andresbar10@gmail.com|NO
marceabrilud|Diana Marcela Abril|marceabrilud@yahoo.es|NO
carfiel|Hemel Carrillo Rivadeneira|helcar09@hotmail.com|NO
lauraojedao|Laura Ojeda|lauraojedao@hotmail.com|NO
yovannysilva1|Yovanny Silva|yovannysilva1@hotmail.com|NO
DILIAROSABARRIOS|DILIA ROSA BARRIOS|N/A|NO
juancvmillan|Juan Carlos VARGAS MILLAN|jcvmillan@gmail.com|NO
GlorisetGarcia|Gloriset Garcia|N/A|NO
AngélicaMaríaMoyaPachón|Angélica María Moya Pachón|N/A|NO
EdilbertoGonzalez|Edilberto Gonzalez|N/A|NO
Camila|Camila|camiluna.10@hotmail.com|NO
JoseManuelAparicio|Jose Manuel Aparicio|N/A|NO
ximena.new|Ximena|ximena.new@gmail.com|NO
ProfeCathy|Profe Cathy|N/A|NO
AngieCárdenas|Angie Cárdenas|N/A|NO
eleenna06|eleen@|eleenna06@gmail.com|NO
angelibocanegra|Angeli Bocanegra Silva|angelibocanegra@hotmail.co|NO
adjan2000|Adriana Janneth Acevedo Andrade|adjan2000@yahoo.com|NO
ROCIO88|EDNA ROCIO FINO CASTRO|ROSEROCIO88@GMAIL.COM|NO
chavelitahurfor|ISABEL HURTADO FORERO|chavelitahurfor@gmail.com|NO
lufegu23|luisa fernanda gutierrez alzate|lufegu23@hotmail.com|NO
MónicaCastilloHernández|Mónica Castillo Hernández|N/A|NO
JennyMikán|Jenny Mikán|N/A|NO
PetiTeSandRita|PetiTe SandRita|N/A|NO
AnaMaríaArenasBotero|Ana María Arenas Botero|N/A|NO
mauros24|Carlos Mauricio Cerquera|mauros24@hotmail.com|NO
NicolasNovoa|Nicolas Novoa|N/A|NO
CristineNoguera|Cristine Noguera|N/A|NO
AndreOliveros|Andre Oliveros|N/A|NO
germanuseche0519|german raul useche polanco|germanuseche0519@hotmail.es|NO
EricSchilling|Eric Schilling|N/A|NO
HarveyShaw|Harvey Shaw|N/A|NO
Mauricio58|Mauricio Vergara Lozano|mauriciovergaralozano@hotmail.com|NO
mauricio|mauricio|mch14g@gmail.com|NO
melinamercouri1952|Lina Soto|melinamercouri1952@gmail.com|NO
ZullyMaquilom|Zully Maquilom|N/A|NO
cortosil|Silvia Ospina|cortosil@hotmail.com|NO
NelsonRafaelZapataZapataGonzalez|Nelson Rafael Zapata Zapata Gonzalez|N/A|NO
nelsonartist|Nelson Rafael Zapata Gonzalez|nelsonartist@gmail.com|NO
mendozagarcia|Mario Antonio|mendozagarcia@hotmail.com|NO
juanchopepe66|Fabiola Amaya Moreno|juanchopepe66@gmail.com|NO
claudiojuliag|Claudio Juliá|claudiojuliag@gmail.com|NO
cogomezd|Constantino Gómez D.|cogomezd@gmail.com|NO
SANDRAINÉSVIGO|SANDRA INÉS VIGO|N/A|NO
miguelangel|Miguel|miguel_ahdlc@speeedy.com.pe|NO
YenithMurcia|Yenith Murcia|N/A|NO
alpelucar50|LUIS ALBERTO|alpelucar50@hotmail.com|NO
MellemberAriasZabala|Mellember Arias Zabala|N/A|NO
marisacon|Marisa|marisacon04@yahoo.com.ar|NO
sara311057|sara|sara311057@gmail.com|NO
VanessaValero|Vanessa Valero|N/A|NO
isneydenis|isney londoño|isslomo2009@hotmail.com|NO
isney|isney londoño mosquera|isney.dennis@hotmail.com|NO
GuillermoGarcíaParra|Guillermo García Parra|N/A|NO
KarolinaMurcia|Karolina Murcia|N/A|NO
CamiloAndrésFajardoP|Camilo Andrés Fajardo P|N/A|NO
LuisFernandoAguirre|Luis Fernando Aguirre|N/A|NO
AntoniMosDacapoMosDacapo|Antoni Mos Dacapo Mos Dacapo|N/A|NO
gutiherrez|Héctor Mario Gutiérrez Flórez|gutiherrez@gmail.com|NO
gagliani|Vivian Gagliani|gagliani@gmail.com|NO
JuanZuñiga|Juan Zuñiga|N/A|NO
24englishmaster|Yesid Alexander Uchuvo González|24englishmaster@gmail.com|NO
AnaMaríaGonzálezHerrera_2634|Ana María González Herrera|N/A|NO
zulmacepeda|zulma cepeda|N/A|NO
alejandramogollon|alejandra mogollon|N/A|NO
SHARÍN|SANDRA CALVO|yanider@hotmail.com|NO
ManuelFernandoPaez|Manuel Fernando Paez|N/A|YES
AndreaVirginiaBorjas|Andrea Virginia Borjas|N/A|NO
AnaCoronado|Ana Coronado|anamaria.coronado87@gmail.com|NO
anamaria|Ana María|anamaaria.coronado87@gmail.com|NO
TatianaVegaAhumada|Tatiana Vega Ahumada|N/A|NO
Algamfo|Alexandra|Algamfo@gmail.com|NO
MiltonDiazVivas|Milton Diaz Vivas|N/A|NO
virlginia|virginia ospina|virllymer@hotmail.com|NO
gabrielgonzalez|gabriel gonzalez|N/A|NO
lunica1tool|Lucía Enríquez|lunica1tool@yahoo.com|NO
carogv18|Carolina Galeano|carogv18@hotmail.com|NO
monica|Monica|mocasu@hotmail.com|NO
moniqer|Mónica Rodríguez Guzmán|moniqer@hotmail.com|NO
Diana|Diana02|dayhann_1@hotmail.com|NO
LauraQuintero|Laura Quintero|N/A|NO
TamaraDobrzynska|Tamara Dobrzynska|N/A|NO
NidiaRomero.|Nidia Romero .|N/A|YES
javier.pinto.becerra|Javier Pinto|javier.pinto.becerra@gmail.com|NO
lida|LIDA MARIA ACEVEDO GUZMAN|lidamaria.0411@yahoo.es|YES
marlittrodriguez04|Marlit|marlittrodriguez04@gmail.com|NO
lidamaria.0411|Lida  Acevedo|lidamcar82@outlook.es|NO
ProfesorCarlosCardenas|Profesor Carlos Cardenas|N/A|NO
LuisEduardoVahosHernandez|Luis Eduardo Vahos Hernandez|N/A|NO
kimber_san|Kimberly|kimber_san@hotmail.com|NO
PatriciaAndreaMoncada|Patricia Andrea Moncada|N/A|NO
caritoto71|CAROLINA|caritoto71@hotmail.com|NO
JuanRico|Juan Rico|juanr_816@hotmail.com|NO
mariaisabelruizn|maria iasabel ruiz nuñez|mariaisabelruizn@hotmail.com|NO
LilianaPatriciaDeLaHozBarandica|Liliana Patricia De La Hoz Barandica|N/A|NO
jhon|jhon franklin|jhon_franklin_espinosa@hotmail.com|NO
sajo0706|adriana|sajo0706@hotmail.com|NO
cpexpinp|CARLOS MANUEL PINZÓN ARANA|cpexpinp@hotmail.com|NO
carlos78|carlos   escorcia|cristovive16@hotmail.com|NO
jexalbe|jexalbe|jexalbe88@gmail.com|NO
ElkinHernández|Elkin Hernández|N/A|NO
mercedecervantes|Mercedes Cervantes|mercedecervantes@gmail.com|NO
dabane|David Barroso|dabane79@hotmail.com|NO
OswaldoVargasHolguin_1571|Oswaldo Vargas Holguin|N/A|NO
angela2676|angela|angela2676@hotmail.com|NO
RenéSolerHernández|René Soler Hernández|N/A|NO
CamiloAMoralesR|Camilo A Morales R|N/A|NO
jhonpolo19|Jhon polo|jhonpolo19@yahoo.es|NO
abrasarte|abrasarte|buzonprofe@gmail.com|NO
MaryFlorenceSchumacher|Mary Florence Schumacher|N/A|NO
williamadmartin|William Díaz Martín|williamadmartin@gmail.com|NO
fercho3000|Fernando E. Ordonez Novoa|teaching4theworld@gmail.com|NO
sergioarturomr|sergioarturomr@hotmail.com|sergioarturomr@hotmail.com|YES
adri1co|Adriana v|adri1co@yahoo.com|NO
jairoajc|Jairo Jimenez|jairoajc@gamil.com|NO
yaayiitaa25|martha yaneth martinez suarez|yaayiitaa25@yahoo.es|NO
LorenaHernándezRodríguez|Lorena Hernández Rodríguez|N/A|NO
EdgarOswaldoPinedaMartinez|Edgar Oswaldo Pineda Martinez|N/A|NO
cacostamorales10|Cindy Acosta Morales|cacostamorales10@gmail.com|NO
lauropia5|Laura Gutierrez|lauropia5@gmail.com|NO
wolfranfidel|wolfran fidel castro maza|wolfranfidel@hotmail.com|NO
mercedes0917|Mercedes Marquez Anaya|mercedes0917@hotmail.com|NO
mimundoideal|DEISY RAMIREZ VARGAS|mimundoideal@hotmail.com|NO
FelixAvendaño|Felix Avendaño|N/A|NO
isabel.reyMorales|isabel.rey Morales|N/A|NO
DanielRicardoSarmientoCristancho_2845|Daniel Ricardo Sarmiento Cristancho|N/A|NO
DanielRicardoSarmientoCristancho|Daniel Ricardo Sarmiento Cristancho|N/A|NO
nestbric|Néstor Briceño Estepa|nestbric@gmail.com|NO
gorodaimon|andres fernando|gorodaimon123@hotmail.com|NO
EricJosephSchilling|Eric Joseph Schilling|N/A|NO
SeanDoyle,PhD|Sean Doyle|N/A|NO
maryoris|maryoris|elcaminolibre2@hotmail.com|NO
v_dorner|vivian|v_dorner@yahoo.com|NO
AndreaRodríguezUribe|Andrea Rodríguez Uribe|N/A|NO
crisfan12001|Cristian|crisfan12001@hotmail.com|NO
PedroMonsalve_3860|Pedro Monsalve|N/A|NO
henryescobarespinosa|henrye|henryescobarespinosa@hotmail.com|NO
MaryAcosta|MaryAcosta|monytaz@hotmail.com|NO
johannasantos45|JOHANNA SANTOS|johannasantos45@hotmail.com|NO
MaríaCarolinaPatinoMorales|María Carolina Patino Morales|N/A|NO
MónicaCLondoñoMartínez|Mónica C Londoño Martínez|N/A|NO
AnaMaríaGonzálezHerrera|Ana María González Herrera|N/A|NO
IvanEscobarSarmiento|Ivan Escobar Sarmiento|N/A|NO
vivisorozco|Viviana Orozco Osorio|vivisorozco@hotmail.com|NO
OscarAndres|Oscar Andres|N/A|NO
anguigomez|Andrés Gómez Morales|anguigomez@yahoo.com|NO
VladimirRafaelArnedoPomares|Vladimir Rafael Arnedo Pomares|N/A|NO
DavidGiraldo|David Giraldo|N/A|NO
LuzMarcela|Luz Marcela|N/A|NO
lizabadia|Lizbeth|lizabadia@gmail.com|NO
ecofranrod|FRANCISCO JAVIER RODRIGUEZ ZUÑIGA|ecofranrod@hotmail.com|NO
EstebanArangoMedina|Esteban Arango Medina|N/A|NO
hernanquiroz|Hernan Quiroz|hernanquiroz1@gmail.com|NO
humteqpo04|HUMBERTO TEQUIA PORRAS|humteqpo04@yahoo.es|NO
prof.ivonnemmedinao|Ivonne Maritza Medina Ontibón|prof.ivonnemmedinao@yahoo.com.co|NO
elance|Ivan David Lozada|elance@edufolium.com|NO
edu.soniael|SONIA SARMIENTO ROCHA|jordan.soniael13@hotmail.es|YES
laverdepatgmail|patricia|laverdepat@gmail.com|NO
marioblanco1958|Dr. Blanco|marioblanco1958@hotmail.com|NO
romarioborges|Romario Borges|romarioborges@gmail.com|NO
balletos22|Oscar Javier Ballesteros Llanos|balletos22@hotmail.com|NO
earinconp|elbert|earinconp@gmail.com|NO
SeanMcIntyre|Sean McIntyre|sdevmcintyre@gmail.com|NO
JohanOrlandoCorreaRestrepo|Johan Orlando Correa Restrepo|N/A|NO
yppreciado|Yolanda Patricia Preciado Mesa|yppreciado@ucn.edu.co|NO
PedroMonsalve|Pedro Monsalve|N/A|NO
dieglennon|Diego Hernández L|dieglennon@gmail.com|NO
zcepeda|Zulma Pilar Cepeda Aguilar|pili2798@hotmail.com|NO
andreabuitragoco|ANDREA BUITRAGO|andreabuitragoco@yahoo.es|NO
FabianAndres|Fabian Andres|N/A|NO
ArnobioTorresLópez|Arnobio Torres López|N/A|NO
adrianamelof1|ADRIANA MELO FAJARDO|adrianamelof1@yahoo.com|NO
clgg17|CLAUDIA LILIANA GÓMEZ GAMA|clgg17@hotmail.com|NO
JAVIERA.SALAMANCAG.|JAVIER A. SALAMANCA G.|N/A|NO
raulroldana|Raúl de J. Roldán Álvarez|raulroldana@gmail.com|NO
carivera71|Cesar Augusto Rivera Jaramillo|carivera71@gmail.com|NO
ybujatodelahoz|YESICA PAOLA BUJATO DE LA HOZ|ybujatodelahoz@hotmail.com|NO
centroeducativosumapaz|MARIELA|centroeducativosumapaz@gmail.com|NO
CristianCarreño|Cristian Carreño|N/A|NO
emmalex2028|carmen paola solorzano rodriguez|emmalex2028@hotmail.com|NO
JoséRicardoPérezCamargo|José Ricardo Pérez Camargo|N/A|NO
JoséDavidArévalo|José David Arévalo|N/A|NO
BeatrizTorres|Beatriz Torres|N/A|NO
IsabelCristinaAmaya|Isabel Cristina Amaya|N/A|NO
milagroso|José Valerio Torres Roncancio|milagroso22@gmail.com|YES
STEVENESQUIVEL|STEVEN ESQUIVEL|N/A|NO
mthomeponce|MONICA THOME PONCE|mthomeponce@yahoo.es|NO
MiriamGarzonO|Miriam Garzon O|N/A|NO
NancyGarzon|Nancy Garzon|N/A|NO
duranty|MARIA PAULA OSORIO DURANTE|duranty@gmail.com|NO
paito8724|paola moreno paez|paito8724@hotmail.com|NO
LuisaF.TorresR.|Luisa F. Torres R.|N/A|NO
blanca__hernandez7|BLANCA JAMID HERNANDEZ ESTUPIÑAN|blanca__hernandez7@hotmail.com|NO
barriosmanuel7|Manuel Barrios|barriosmanuel7@gmail.com|YES
bernidtesmeralda285|bernidt marin|bernidtesmeralda285@hotmail.com|NO
ClaudiaEdidMoyanoForero|Claudia Edid Moyano Forero|N/A|NO
dennya|DENNIA LONDOÑO M.|dennya2010@hotmail.com|NO
miguelaguilarx3|Miguel A. Aguilar P.|miguelaguilarx3@gmail.com|NO
AlejandroValenciaArbelaez|Alejandro Valencia Arbelaez|N/A|NO
juan07k|Juan Carlos Parra Ortiz|juan07k@hotmail.com|YES
faomgapa|faomgapa|faomgapa@yahoo.com|NO
yaker1208|ROSA COPETE GUTIERREZ|yaker1208@homail.com|NO
camaca|camaca1|camaca72@hotmail.es|NO
camaca72|camaca1|camaca72@hotmail.com|NO
miguelantoniohurtadoalzate|Miguel Antonio Hurtado Alzate|miguelantoniohurtadoalzate@gmail.com|YES
shadday_837|Anyi|shadday_837@hotmail.com|NO
AdrianaEsperanzaBurgosdeAlvarado|Adriana Esperanza Burgos de Alvarado|N/A|NO
jardanysm|JARDANYS DE JESUS MOSQUERA MACHADO|jardanysm@gmail.com|NO
alberto194524|CARLOS ESPINOSA|alberto194524@yahoo.es|NO
parmeniob3|ProfeParmenio|parmeniob3@gmail.com|NO
fiorelladonado|fiorella donado|fiorelladonado@gmail.com|NO
LaudyYenethNavarreteRodríguez|Laudy Yeneth Navarrete Rodríguez|laudyeneth@hotmail.com|NO
andrea_pasos|Paola|andrea_pasos@hotmail.com|NO
adolfoedufo|ADOLFO OBANDO S.|alos1828@hotmail.com|NO
juanpabloortizsuarez|juan pablo ortiz suarez|N/A|NO
calor.61|CARLOS ALBERTO LOPEZ ORTIZ|calor.61@hotmail.com|NO
agustinpauna|Agustin de J. Villalobos Florián|agustinpauna@gmail.com|NO
jpnavarrou|Juan Pablo Navarro|jpnavarrou@gmail.com|NO
relationsandservices|Ricardo Cuervo Bernal|relationsandservices@gmail.com|YES
coordinadorjaviergarcia|Javier Alonso Garcia Velasco|coordinadorjaviergarcia@gmail.com|NO
adrysilvav|Adriana Silva Villarreal|adrysilvav@gmail.com|NO
alexandritar19|Carmen Alexandra Reyes Peña|alexandritar19@gmail.com|NO
Fefiner|Jennifer Bolívar|jjenniiffeerr@hotmail.com|NO
manudrum|ManuelBarragán|manudrum@yahoo.com.mx|NO
alexprofgod|Edward Alexis Pacheco|alexprofgod@hotmail.com|YES
mijavi2co|Miguel Barrera Castelvill|mijavi2co@yahoo.com|NO
adr_ramirez|Adriana Ramírez Malaber|adr_ramirez@yahoo.es|NO
MariaJoséMichelsenCadavid|Maria José Michelsen Cadavid|N/A|NO
EvaNinfaMartinGómez|Eva Ninfa Martin Gómez|N/A|NO
nodime76|Nohelia|nodime76@hotmail.com|NO
DEIBYGIOVANNILAMUSPENA|DEIBY GIOVANNI LAMUS PENA|N/A|NO
AngelicaAlarcon|Angelica Alarcon|N/A|NO
lina12orion|Lina Constanza Tamayo|lina12orion@gmail.com|NO
CORREABERNALLUISALBERTODOCENTE|CORREA BERNAL LUIS ALBERTO DOCENTE|N/A|NO
yudyvillalba|yudyvillalba@gmail.com|yudyvillalba@gmail.com|NO
laeskool|Laura Suárez|laeskool@hotmail.com|NO
ROCIOA|ROCIO ARANZALES|aurarocioa@yahoo.com|NO
radisan2000|Rafael Diaz sanchez|radisan2000@yahoo.es|NO
SamyRinconInfante|Sandra  Milena Rincon Infante|educadora.rehabilitacion@gmail.com|NO
MarthaLucía|Martha Lucía|N/A|NO
Jeibi|Jeibi Tapia|nata_ta89@hotmail.com|NO
MariaDelPilarCampoPrado|Maria Del Pilar Campo Prado|N/A|NO
DiegoParra|Diego Parra|N/A|NO
AiSakura|Clara Corina|N/A|NO
OswaldoVargasHolguin|Oswaldo Vargas Holguin|N/A|NO
EduardoRodriguez|Eduardo Rodriguez|N/A|NO
luhyza|Luhyza|luhyza@gmail.com|NO
julipaulin|julieth paulina gonzalez perez|gonzalezjulieth26@gmail.com|NO
AngelaVargas|Angela Vargas|N/A|NO
AndreaVirginiaBorjasUrdaneta|Andrea Virginia Borjas Urdaneta|N/A|NO
olgagm0705|Olga|olgagm0705@yahoo.com|NO
jenpal.839|jenny paola arguello ramirez|jenpal.839@hotmail.com|NO
JuliánDavidJiménezJ|Julián David Jiménez J|N/A|NO
aupemo62|Aurora Pedreros Montañez|aupemo62@hotmail.com|NO
ConstanzaMartínezCamacho|Constanza Martínez|constamartinez@yahoo.com|NO
nannys_91|Michelle|nannys_91@hotmail.com|NO
noce_teinsum|fabian alberto  lopez|noce_teinsum@hotmail.com|NO
aicardoeducador|Aicardo Humberto Estrada Rios|aicardoestrada5@yahoo.es|NO
haroldmcp|Mauricio Carreño|haroldmcp@yahoo.com|NO
hectorcastellanos21|Héctor D. Castellanos Durán|hectorcastellanos21@gmail.com|NO
javier_hernandez101873|Javier Hernandez|javier_hernandez101873@yahoo.com|NO
IngrithGonzalezRueda|Ingrith Gonzalez Rueda|N/A|NO
ManuelFernandoGuevara|Manuel Fernando Guevara|N/A|NO
gustavoaltamar5607|Gustavo Altamar|gustavoaltamar5607@yahoo.com.mx|NO
RamsesCosman|Ramses Cosman|N/A|NO
jarubiano11|Alejandro Rubiano|jarubiano11@gmail.com|NO
osama7908|Edgar Javier Samacá F.|osama7908@hotmail.com|NO
carlosamado|CARLOS AMADO ZÚÑIGA|carlosamado@gmail.com|NO
nelsy_1999|Nelsy Adriana Pardo Ruiz|nelsy_1999@yahoo.com|NO
augustomar1982|Omar Augusto Estupiñán|augustomar1982@yahoo.es|NO
michelyair|Michel Carrillo|michelyair@hotmail.com|NO
romerovida|Maria del Socorro Romero Urrego|romerovida@telmex.net.co|NO
fogamarra|Fabian Gamarra|fogamarra@hotmail.com|NO
MoniDuran|Moni Duran|N/A|NO
HjeimyHniño|Hjeimy Hniño|N/A|NO
JaimeFlórezMeza|Jaime Flórez Meza|N/A|NO
lufermasan|Luisa Fernanda|lufermasan@hotmail.com|NO
karoyale|CAROLINA MURCIA|karoyale@hotmail.com|NO
albanidyalopez|Alba Nidya López Ruiz|albanidyalopez@gmail.com|NO
johanpinzón|johan pinzón|N/A|NO
LuisCarlosRodríguez|Luis Carlos Rodríguez|N/A|NO
David|David|djukei@hotmail.com|NO
amirapatriciacruz|Amira Patricia|amirapatriciacruz@hotmail.com|NO
casaoscarm|Oscar Mogollón|casaoscarm@hotmail.com|NO
yennyliliana21|yenny|yennyliliana21@hotmail.com|NO
hector.hector81|Héctor E. García Rodríguez|hector.hector81@gmail.com|NO
ihernandez.academia|Iván Hernández|ihernandez.academia@gmail.com|NO
JenniAgudelo|Jenni Agudelo|N/A|NO
miguel_infante02|Miguel Ynfante Alfaro|miguel_infante02@hotmail.com|NO
liliana_rod|Liliana Rodríguez|liliana_rod@hotmail.com|NO
oeramirez80|OSCAR RAMIREZ VILLEGAS|oeramirez80@hotmail.com|NO
DIEGO_MOYA|DIEGO MOYA|dmoyam.moya@gmail.com|NO
mvardila|Viviana|mvardila@gmail.com|NO
AngelicaMariaAriasP.|Angelica Maria Arias P.|N/A|NO
IvánYamithArévaloCastro|Iván Yamith Arévalo Castro|N/A|NO
andrea222|Johanna Andrea Torres Calderon|andrea222@hotmail.com|NO
ClaudiaConsueloPardoBenito|Claudia Consuelo Pardo Benito|N/A|NO
yicepolacas|Yicela|yipoc@hotmail.com|NO
jairo.castro7|JAIRO CASTRO ACOSTA|jairo.castro7@hotmail.com|NO
alix.caballero|Psicóloga Infantil y Profesora de Francés Alix Mabel Caballero|alix.caballero@yahoo.fr|NO
Androp|Andrés Porras|aoporrasr@unal.edu.co|NO
LeirizQuinteroRamírez|Leiriz Quintero Ramírez|N/A|NO
DanielFlorezMedina|Daniel Florez Medina|N/A|NO
JorgeEnriqueGonzalezOrtiz|Jorge Enrique Gonzalez Ortiz|N/A|NO
lamechis|maria sanchez|lamechis98@hotmail.com|NO
WalterAlejandroFernandezBarrera|Walter Alejandro Fernandez Barrera|N/A|NO
AnaMariaLopezMoreno|Ana Maria Lopez Moreno|N/A|NO
JhonnyJosèAngelYugo|Jhonny Josè Angel Yugo|N/A|NO
yucario67|Johnny José Angel Yugo|yucario67@yahoo.com|NO
adryanagonza|Adriana Melo González|adryanagonza@hotmail.com|NO
jyromero03|Jenny Romero|jyromero03@yahoo.es|NO
gloria.fuentespardo|Gloria|gloria.fuentespardo@gmail.com|NO
tiempo16|jhon jairo mosquera rodas|tiempo16@hotmail.com|NO
v.ospina1|Bibiana Ospina|v.ospina1@hotmail.com|NO
LeonardoAbella|Leonardo Abella|N/A|NO
HernánVan-ArckenVarón|Hernán Van-Arcken Varón|hernanvanarcken@hotmail.com|NO
AlbertoVesgaCartagena|Alberto Vesga Cartagena|N/A|NO
albertovsg2|Alberto Vesga Cartagena|albertovsg2@gmail.com|NO
LicTonyEdwardMonterrosaVilla|Lic Tony Edward Monterrosa Villa|N/A|NO
taty1864|Ms Tatiana|taty1864@hotmail.com|NO
LeonardoUlloaCastellanos|Leonardo Ulloa Castellanos|N/A|NO
CantolinaLinda|Cantolina Linda|N/A|NO
asesprodusoft|AsesProduSoft|asesprodusoft@hotmail.com|NO
ClaudiaMilenaTolozaRivera|Claudia Milena Toloza Rivera|N/A|NO
teacherdaniel.ortiz|Daniel Ortiz|teacherdaniel.ortiz@gmail.com|YES
SantiUrbina|Santiago Urbina Heredia|santi28pix@gmail.com|NO
camilofape|Camilo Andrés|camilofape@yahoo.es|NO
omarflorez.1|Javier Florez|florez01@gmail.com|NO
Malena|Sandra Triana|trimeteora@hotmail.com|NO
kjorch|Jorge|kjorch@gmail.com|NO
tamdob|Tamara Dobrzynski|tamdob@yahoo.com|NO
javi74|Javier Colmenares|javiercolmenaresv@gmail.com|NO
SandraMacias|Sandra Macias|Smaciasa@eafit.edu.co|NO
anelamayapacheco|anel amaya pacheco|anelamayapacheco@hotmail.com|NO
rosamel60|rosamel60|rosaameliapalo@yahoo.com|YES
luzadrianaalcala|Luz Adriana Alcalá|luzadrianaalcala@hotmail.com|NO
dianasilvabuitrago|Diana Silva|dianasilvabuitrago@hotmail.com|NO
juanita|Juanita Merizalde|juanimerizalde@yahoo.com|NO
hmunera22|Hernán Múnera|hmunera22@gmail.com|NO
CarmenElenaArboledadeLópezMa.ED|Carmen Elena Arboleda de López Ma.ED|carmene.arboleda@gmail.com|YES
cobemazu|David Mazutier|cobemazu@hotmail.com|NO
jenifersa|Jenifer Saavedra Espinel|jenifersa@hotmail.com|NO
julio|Julio J. Gonzalez F.|jugoferxxi@hotmail.com|NO
Brenda|Brenda|bj16_72@hotmail.com|NO
Nidia|Nidia|licnrp2@hotmail.com|NO
AndrésGómez|Andrés Gómez|N/A|YES
LuisEduardoAlzate|Luis Eduardo Alzate|N/A|NO
LilianaVasquezP|Liliana Vasquez P|N/A|NO
SebastianBautista|Sebastian Bautista|N/A|NO
sybet|betsy|sybet0430@hotmail.com|YES
artechia|Martha Lucía|artechia@hotmail.com|NO
jerssonfac|Jersson|jerssonfac@gmail.com|NO
claudia|claudia lucrecia convers urbina|claudiaconvers@hotmail.com|NO
solangellopez|Solangel Lopez|solangellopez@hotmail.com|NO
norancastle20|Norbey Quintero|norancastle20@hotmail.com|NO
jmsandinol|Martin Sandino|jmsandinol@unal.edu.co|NO
AlexaHerrera|Alexa Herrera|trust-alexa@hotmail.com|NO
OscarNarvaez|Oscar Narvaez|N/A|NO
MarlonPrince|Marlon Prince|N/A|NO
CarolVivianaCárdenasAmézquita|Carol Viviana Cárdenas Amézquita|N/A|NO
CarolCárdenas|Carol Viviana Cárdenas Amézquita|caritolicupn@hotmail.com|NO
nasa689|Dubby Nayibe Sanchez|nasa689@gmail.com|NO
garcia.cardenas1179|Adriana|garcia.cardenas1179@gmail.com|NO
leidy.mendoza.puerto|LeidyM|leidy.mendoza.puerto@gmail.com|NO
DavidMartinezAvila|David Martinez Avila|N/A|NO
JuanSierra|Juan Sierra|N/A|NO
angela_904|Angela leguizamo|angela_904@hotmail.com|NO
AnelAmaya|Anel Amaya|N/A|NO
ElkinMendieta|Elkin Mendieta|N/A|NO
giovannidez|Giovanni Ceron|giovannidez@gmail.com|NO
AlejandraCuaran|Alejandra Cuaran|N/A|NO
CatalinaBuitrago|Catalina Buitrago|N/A|NO
JuanAngarita|Juan Angarita|N/A|NO
abelt04|Luis Alberto Correa|abelt04@hotmail.com|NO
EstebanGóngora|Esteban Góngora|N/A|NO
GloriaMartinez|Gloria Martinez|N/A|NO
Alejandro|ALEJOSPI|alejospi016@hotmail.com|NO
sebas|Sebastián Brito|sese_707@hotmail.com|NO
cagym2001|CAMILO ANDRES MORALES RINCON|cagym2001@gmail.com|NO
dianamarcelamoralesr|Psicologa Diana Marcela|dianamarcelamoralesr@gmail.com|NO
luisafe00|Luisa|luisafe00@hotmail.com|YES
advel16|Adriana Velásquez|advel16@yahoo.com|NO
EmilSegundo|Emil Segundo|N/A|NO
ClaudiaIsabelChaparroV|Claudia Isabel Chaparro V|N/A|NO
anamagalvis|Ana María Galvis|anamagalvis@hotmail.com|NO
JuanCarlosSuárezVelásquez|Juan Carlos Suárez Velásquez|N/A|NO
juanmusica|juan carlos velasquez|juanmusica03@yahoo.es|NO
MelissaMartinez|Melissa Martinez|N/A|NO
ReneRojas|Rene Rojas|N/A|NO
juanmaquintero1965|Juan Manuel Quintero|juanmaquintero1965@hotmail.com|NO
federicogalvis|FedericoGalvis|federicogalvis@gmail.com|NO
JuliánAugustoHernándezPulido|Julián Augusto Hernández Pulido|eliphelek@gmail.com|NO
LibardoQuijano|Libardo Quijano|N/A|NO
HernanQuintero|Hernan Quintero|N/A|NO
hugoleguizamonq|Hugo L.|hugoleguizamonq@gmail.com|NO
Yanny|YANNETH SALAZAR|yannethsalazar08@gmail.com|NO
mariaisabel_7_|María Isabel López|mariaisabel_7_@hotmail.com|NO
WILLIAMALEXANDROGONZALEZAMEZQUITA|WILLIAM ALEXANDRO GONZALEZ AMEZQUITA|N/A|NO
lauris_395|Laura|lauris_395@hotmail.com|NO
ANGELICAGARCIA|ANGELICA GARCIA|N/A|NO
JESUSEDUARDOCARBONONIEBLES|JESUS EDUARDO CARBONO NIEBLES|N/A|NO
aitork8|Victor Andres Fonseca Alarcon|aitork8@hotmail.com|NO
sergio.cordoba55|Sergio55|sergio.cordoba55@gmail.com|NO
funda.futuro.org|ELMER MURCIA|funda.futuro.org@gmail.com|NO
OmarVillotaHurtado|Omar Villota Hurtado|N/A|NO
LuzIvonnePintoGarcia|Luz Ivonne Pinto Garcia|N/A|NO
DiegoRafaelCórdoba|Diego Rafael Córdoba|N/A|NO
RosaliaCastro|Rosalia Castro|N/A|NO
grankeso|jhon|grankeso@hotmail.com|NO
AlfredoVarónMA|Alfredo Varón MA|alfredo.varon.guzman@gmail.com|NO
lacrivegu|Lauvergel|lacrivegu@hotmail.com|NO
claudia7972|claudiappaez|claudia7972@yahoo.com|NO
alejorodasvasquez|alejandro|alejorodasvasquez@gmail.com|NO
AngelicaTeacherEnglish|Angelica Teacher of English as EFL/ESL|N/A|NO
LynnStopher|Lynn Stopher|N/A|NO
crissgr|CRISTINA SANCHEZ|crissgr@yahoo.com|NO
caterinelipnik|calipo|caterinelipnik@hotmail.com|NO
Carolinab|CAROLINA|edwinsofcar@hotmail.com|NO
DiegoRodríguez|Diego Rodríguez|N/A|NO
OscarAndresEscuderoSanchez|Oscar Andres Escudero Sanchez|N/A|NO
AmparoChica|Amparo Chica|N/A|NO
glorializz36|glorializz|lizzposs36@gmail.com|NO
MaríaCatalinaGómezJiménez|María Catalina Gómez Jiménez|N/A|NO
edgarduarte22|Edgar José Duarte Martínez|edgarduarte22@hotmail.com|NO
JeissonPoveda|Jeisson Poveda|N/A|NO
lili1632|Lilian|lili1632@hotmail.com|NO
suareztorres2004|Andrea Suarez Torres|suareztorres2004@hotmail.com|NO
julldial|Jully Díaz López|jullydiazl_1@hotmail.com|YES
klam_b|CLAUDIA BELTRÁN|klam_b@yahoo.com|NO
johagarcia86|Johanna Vanegas|johagarcia86@hotmail.com|NO
ConstanzaMartínez|Constanza Martínez|lmartinez@cbr.edu.co|NO
marchvergara|marcela vergara|marchvergara@hotmail.com|NO
lauracromero|Laura|lauracromero@gmail.com|NO
ÓscarMauricioArangoGonzález|Óscar Mauricio Arango González|N/A|NO
lilianacaycedo|liliana caycedo|lilitxt@gmail.com|NO
luis.angel|Luis Miguel Angel Cepeda|luis.angel@segurosenlared.co|NO
DIANAPADILLA|DIANA PADILLA|N/A|NO
AlejoHenao|Alejo Henao|N/A|NO
rene_solerh|Fernando René Soler Hernández|rene_solerh@yahoo.com|NO
joseoctavo84|José Vicente Rodriguez|joseoctavo84@hotmail.com|NO
axisdelasal|Joel Jimenez|axsidelasal24@gmail.com|NO
LuisGabrielMora|Luis Gabriel Mora|moraxar@gmail.com|NO
DavidPalacios|David Palacios|N/A|NO
FelipePalacios|Felipe Palacios|N/A|NO
davidpalgut|David|davidpalgut@gmail.com|YES
